{"root":[{"assemblyName":"SurvivTCP","nameSpace":"_Concrete_.Configs","className":"VfxConfig","methodName":"Init","loadTypes":1,"isUnityClass":false},{"assemblyName":"SurvivTCP","nameSpace":"_Codebase_.Configs","className":"GameConfig","methodName":"RuntimeInitializeOnload","loadTypes":1,"isUnityClass":false},{"assemblyName":"SurvivTCP","nameSpace":"_Codebase_.Command","className":"CommandManager","methodName":"RuntimeInitializeOnLoadMethod","loadTypes":1,"isUnityClass":false},{"assemblyName":"SurvivTCP","nameSpace":"_Codebase_.Camera","className":"CameraController","methodName":"RuntimeInitializeOnLoadMethod","loadTypes":1,"isUnityClass":false},{"assemblyName":"SurvivTCP","nameSpace":"Managers","className":"CameraManager","methodName":"RuntimeInitializeOnLoadMethod","loadTypes":1,"isUnityClass":false},{"assemblyName":"SurvivTCP","nameSpace":"Managers","className":"GameManager","methodName":"RuntimeInitializeOnLoad","loadTypes":1,"isUnityClass":false},{"assemblyName":"SurvivTCP","nameSpace":"Managers","className":"GameUIManager","methodName":"RuntimeInitializeOnLoadMethod","loadTypes":1,"isUnityClass":false},{"assemblyName":"SurvivTCP","nameSpace":"Managers","className":"ItemManager","methodName":"RuntimeInitializeOnLoadMethod","loadTypes":1,"isUnityClass":false},{"assemblyName":"SurvivTCP","nameSpace":"Managers","className":"LobbyManager","methodName":"RuntimeInitializeOnLoadMethod","loadTypes":1,"isUnityClass":false},{"assemblyName":"SurvivTCP","nameSpace":"Managers","className":"MapManager","methodName":"RuntimeInitializeOnLoadMethod","loadTypes":1,"isUnityClass":false},{"assemblyName":"SurvivTCP","nameSpace":"Managers","className":"NetworkManager","methodName":"RuntimeInitializeOnLoadMethod","loadTypes":1,"isUnityClass":false},{"assemblyName":"SurvivTCP","nameSpace":"Managers","className":"PlayerManager","methodName":"RuntimeInitializeOnLoadMethod","loadTypes":1,"isUnityClass":false},{"assemblyName":"SurvivTCP","nameSpace":"Managers","className":"WeaponManager","methodName":"RuntimeInitializeOnLoadMethod","loadTypes":1,"isUnityClass":false},{"assemblyName":"UniTask","nameSpace":"Cysharp.Threading.Tasks","className":"PlayerLoopHelper","methodName":"Init","loadTypes":2,"isUnityClass":false},{"assemblyName":"Unity.2D.Animation.Runtime","nameSpace":"UnityEngine.U2D.Animation","className":"GpuDeformationSystem","methodName":"CreateFallbackBuffer","loadTypes":0,"isUnityClass":true},{"assemblyName":"Unity.2D.Animation.Runtime","nameSpace":"","className":"__JobReflectionRegistrationOutput__12640072059193112690","methodName":"EarlyInit","loadTypes":2,"isUnityClass":true},{"assemblyName":"Unity.2D.Animation.Runtime","nameSpace":"","className":"$BurstDirectCallInitializer","methodName":"Initialize","loadTypes":2,"isUnityClass":true},{"assemblyName":"Unity.2D.SpriteShape.Runtime","nameSpace":"","className":"$BurstDirectCallInitializer","methodName":"Initialize","loadTypes":2,"isUnityClass":true},{"assemblyName":"Unity.Cinemachine","nameSpace":"Unity.Cinemachine","className":"CinemachineStoryboard","methodName":"InitializeModule","loadTypes":0,"isUnityClass":true},{"assemblyName":"Unity.Cinemachine","nameSpace":"Unity.Cinemachine","className":"CameraUpdateManager","methodName":"InitializeModule","loadTypes":0,"isUnityClass":true},{"assemblyName":"Unity.Cinemachine","nameSpace":"Unity.Cinemachine","className":"Damper/AverageFrameRateTracker","methodName":"Initialize","loadTypes":0,"isUnityClass":true},{"assemblyName":"Unity.Cinemachine","nameSpace":"Unity.Cinemachine","className":"UpdateTracker","methodName":"InitializeModule","loadTypes":0,"isUnityClass":true},{"assemblyName":"Unity.Cinemachine","nameSpace":"Unity.Cinemachine","className":"CinemachineImpulseManager","methodName":"InitializeModule","loadTypes":0,"isUnityClass":true},{"assemblyName":"Unity.Collections","nameSpace":"","className":"__JobReflectionRegistrationOutput__1652832624114795843","methodName":"EarlyInit","loadTypes":2,"isUnityClass":true},{"assemblyName":"Unity.Collections","nameSpace":"","className":"$BurstDirectCallInitializer","methodName":"Initialize","loadTypes":2,"isUnityClass":true},{"assemblyName":"Unity.VisualScripting.Core","nameSpace":"Unity.VisualScripting","className":"RuntimeVSUsageUtility","methodName":"RuntimeInitializeOnLoadBeforeSceneLoad","loadTypes":1,"isUnityClass":true}]}
